,RMSE,%RMSE,MAE,%MAE,MAPE,R2,COD,std,rho,ref,Framework,Training time,Experiment_ID
0,7.0588,18.9937%,4.6038,12.3877%,12.2259%,0.7076,15.2080,10.877347,0.8424015159714519,13.054662921730303,AutoGluon,0.17,0
