,RMSE,%RMSE,MAE,%MAE,MAPE,R2,COD,std,rho,ref,Framework,Training time
0,6.7693,18.2148%,4.5160,12.1515%,11.9660%,0.7311,14.0779,11.297919273376465,0.8557994323700824,13.107196988800684,TPOT,0.81
1,7.1532,19.2475%,4.5993,12.3756%,12.1913%,0.6998,14.5571,11.224109835989012,0.8380236095276947,13.107196988800684,H2O,0.21
2,7.2537,19.5181%,5.0590,13.6127%,13.3005%,0.6913,16.0538,11.386986194274298,0.8345985507215233,13.054662921730303,FLAML,1.00
3,8.6109,23.1699%,5.3489,14.3926%,13.4665%,0.5649,16.7236,12.004362041522677,0.7686624677264347,13.054662921730303,mjar_supervised,0.49
4,9.9700,26.8270%,6.9917,18.8131%,18.4255%,0.4167,21.2111,9.923747415263668,0.6565855701731476,13.054662921730303,PyCaret,0.49
